,fandom
0,garfield
1,futurama
2,spiderman
3,de.spiderman
4,es.spider-man
5,pt-br.spiderman
6,ru.spiderman
7,friends
8,it.friends
9,ru.friends
10,spongebob
11,ar.spongebob
12,bobesponja
13,cy.spynjbob
14,de.spongebob
15,el.spongebob
16,fr.bobleponge
17,he.wikispongebob
18,hr.spuzva-bob-skockani
19,hu.spongyabob
20,id.spongebob
21,it.spongebob
22,ja.spongebob
23,nl.spongebob
24,pl.spongebob
25,pt-br.wikiesponja
26,ru.spongebob
27,sr.sundjerbob
28,uk.spongebob
29,zh.spongebob
30,es.selenag
31,es.selenagomez
32,selenagomez
33,megadeth
34,countrymusic
35,fictional-characters
36,characters
37,ru.characters-power
38,commodore64
39,amiga
40,the-pussycat-dolls
41,es.isladeldrama-idd
42,totaldrama
43,sharktale
44,kristenstewart.answers
45,x-men
46,de.x-men
47,pt.x-men
48,pt-br.xmen-comics
49,supernatural
50,h2o
51,kendricklamar
52,skipedia
53,wowpedia
54,es.wow
55,de.wowwiki
56,fr.wowwiki
57,hu.wowwiki
58,it.wowpedia
59,ja.wowwiki
60,ko.wowwiki
61,cs.wowwiki
62,da.wowwiki
63,el.wowwiki
64,he.wowwiki
65,lt.wowwiki
66,nl.wowwiki
67,no.wowwiki
68,pl.wowwiki
69,pt.wowwiki
70,pt-br.wowwiki
71,ru.wowwiki
72,sk.wowwiki
73,zh.wowwiki
74,zh-tw.wowwiki
75,janetjackson
76,vim
77,gta
78,stateofdecay
79,cosplay
80,fr.howimetyourmother
81,how-i-met-your-mother
82,it.howimetyourmother
83,arianagrande
84,es.ariana-grande
85,it.arianagrande
86,glee
87,broadway
88,doraemon
89,zh.doraemon
90,hi.doraemon
91,heros-of-4chan
92,mortalkombat
93,lauramarano
94,dororo
95,halloween
96,zh.halloween
97,ranma
98,streetfighter
99,starcraft
100,es.starcraft
101,fr.starcraft
102,ko.starcraft
103,pl.starcraft
104,pt-br.starcraft
105,ru.starcraft
106,hu.starcraft
107,th.starcraft
108,zh.starcraft
109,edm
110,es.rosariovampire
111,rosariovampire
112,rosariovampirefanon
113,sel
114,lupin
115,thechallenge
116,theamazingworldofgumball
117,netflix
118,es.netflix
119,it.netflix
120,pl.netflix
121,pt-br.netflix
122,ru.netflix
123,touhou
124,de.touhou
125,es.touhou
126,fr.touhou
127,ja.touhou
128,pl.touhou
129,pt.touhou
130,ru.touhou
131,zh.touhou
132,goldengirls
133,masseffect
134,nightmareonelmstreet
135,aqua-teen-hunger-force
136,coincollecting
137,ru.coincollecting
138,codelyoko
139,areyoubeingserved
140,doom
141,sambahsa
142,renfaire
143,saintsrow
144,de.saintsrow
145,fr.saintsrow
146,pl.saintsrow
147,ru.saintsrow
148,saintsrowfanfiction
149,gundam
150,swtor
151,junjiitomanga
152,es.halflife
153,half-life
154,half-life.answers
155,half-lifefanon
156,halflifemachinima
157,halflifemods
158,hlhokej
159,ru.halflife
160,ru.mods-halflife-and-portal
161,es.skullgirls
162,skullgirls
163,pt-br.the-simpsons-tapped-out
164,simpsonstappedout
165,bionicle
166,gmod
167,garrys-mod-zombie-apocalypse
168,garrysmod.answers
169,gmodworkshop
170,ru.garrys-modseries
171,ru.gma
172,de.csgo
173,pl.csgo
174,ro.csgo
175,newgirl
176,computervision
177,yuripedia
178,fifa
179,terraria
180,powerrangers
181,de.power-rangers
182,es.powerrangers
183,fr.powerrangers
184,nl.powerrangers
185,pl.powerrangers
186,ru.powerrangers
187,eve
188,thebiglebowski
189,fortnite
190,adultswim
191,totalwar
192,alastairreynolds
193,bobs-burgers
194,de.bobsburgers
195,alloallo
196,de.malazan
197,es.malaz-es
198,it.malazan
199,malazan
200,pl.malazan
201,fanfiction
202,elderscrolls
203,proevolutionsoccer
204,battlefield
205,it.battlefield
206,petshopboys
207,scrubs
208,grandchase
209,exid
210,mash
211,de.mirai-nikki
212,es.mirai-nikki
213,futurediary
214,pl.mirai-nikki
215,en.crashbandicoot
216,oddworld
217,the-room
218,animaniacs
219,de.gravityfalls
220,es.gravityfalls
221,gravityfalls
222,ru.gravityfalls
223,black-mirror
224,e4-misfits
225,boyscoutsofamerica
226,soundvoltex
227,brink
228,dragonquest
229,es.nickiminaj
230,nickiminaj
231,angrybirds
232,avenged-sevenfold
233,beyondtwosouls
234,fallout
235,ccfalloutroleplaying
236,de.fallout
237,de.lovecraft
238,es.hplovecraft
239,lovecraft
240,playstationportable
241,psp
242,lego
243,sonsofanarchy
244,nes
245,snowboarding
246,adhd
247,gamecube
248,nintendo-gamecube
249,ghibli
250,de.ghibli
251,ja.studioghibli
252,snes
253,n64
254,nintendo64
255,trueblood
256,nl.runescape
257,es.runescape
258,de.runescape
259,da.runescape
260,cs.runescape
261,ubisoft
262,trans
263,30rock
264,zendaya
265,yugioh
266,callofduty
267,osamu-tezuka
268,ru.transgumanizm
269,activism
270,bones
271,that70sshow
272,frasier
273,babylon5
274,destiny
275,americandad
276,spore
277,calvinandhobbes
278,ru.hobbes
279,fawltytowers
280,bridgitmendler
281,bridgitmendlerinfo
282,es.bridgitmendler
283,metalgear
284,airsoft
285,parksandrecreation
286,tekken
287,leagueoflegends
288,steampunk
289,madmen
290,elizabethgillies
291,christinamilian
292,cowboybebop
293,rocketleague
294,battle-cats
295,battleborn
296,bloodstained
297,narcos
298,twice
299,spacestation13
300,de.yandere-simulator
301,es.fanon-yandere-simulator
302,es.yandere-simulator
303,fr.yandere-simulator
304,pl.yandere-simulator
305,pt-br.yandere-simulator
306,ru.yanderesimulatorfanon
307,yandere-simulator
308,yandere-simulator-2d
309,yandere-simulator-creative
310,yandere-simulator-fan
311,yandere-simulator-fandom
312,rezero
313,task
314,pokemongo
315,the-beginners-guide
316,undertale
317,besiege
318,detroit-become-human
319,kiminonawa
320,dualipa
321,criticalrole
322,bandori
323,ru.bandori
324,cardiacs
325,ultimaonline
326,sonic
327,tsuntsun
328,warface
329,it.typemoon
330,typemoon
331,intellivision
332,uncharted
333,de.uncharted
334,es.uncharted
335,pl.uncharted
336,ru.uncharted
337,megamitensei
338,es.megamitensei
339,fr.megamitensei
340,ja.megamitensei
341,pt-br.megamitensei
342,ru.megamitensei
343,zh.megamitensei
344,mlp
345,animalcrossing
346,ko.mabinogi
347,daria
348,dead-or-alive
349,deadoralive
350,es.deadoralive
351,precure
352,shrek
353,es.shrek
354,pt-br.shrek
355,pt.shrek
356,ru.shrek
357,soulcalibur
358,matrix
359,sv.nhl
360,thenhl
361,chan
362,qi
363,playstation
364,yandere
365,yandere-girls
366,whitewolf
367,haibanerenmei
368,spaceengine
369,eanhl
370,sailormoon
371,de.sailor-moon
372,es.sailormoon
373,fr.sailor-moon-crystal
374,hu.sailormoon
375,ja.sailormoon
376,pl.sailormoon
377,pt-br.sailormoon
378,ro.sailormoon
379,ru.sailormoon
380,vi.sailormoon
381,katawashoujo
382,fireemblem
383,kylie-k-jenner
384,timeteam
385,macross
386,conworld
387,wurmpedia
388,civilization
389,rifftrax
390,impractical-jokers
391,cyanideandhappiness
392,submachine
393,es.slycooper
394,slycooper
395,slycooperwikiwonderhow
396,dresdenfiles
397,smite
398,guilty-gear
399,mocktheweek
400,stalker
401,indianajones
402,vikings
403,mspaintadventures
404,batman
405,de.batman
406,es.batman
407,ja.batman
408,pl.batman
409,pt-br.batman
410,ru.batman
411,zh.batman
412,spelunky
413,clifford
414,duolingo
415,creepypasta
416,geofs
417,containmentbreach
418,es.scp
419,ru.scp-games
420,ru.scpcontainmentbreach
421,scp-containment-is-magic
422,scp-foundation-roblox
423,scp-roleplay
424,cyberpunk
425,de.house-of-cards
426,house-of-cards
427,settlers6riseofanempire
428,projectzomboid
429,ru.projectzomboid
430,nightcore
431,nightcoremusic
432,bignate
433,papermario
434,twitch
435,mario
436,de.mario
437,es.mario
438,fr.mario
439,it.mario
440,da.mario
441,fi.mario
442,ja.mario
443,nl.mario
444,no.mario
445,pl.mario
446,pt.mario
447,ru.mario
448,zh.mario
449,sims
450,da.sims
451,de.sims
452,es.sims
453,et.sims
454,fi.sims
455,fr.sims
456,it.sims
457,id.thesims
458,ko.thesims
459,nl.sims
460,no.sims
461,pl.sims
462,pt-br.sims
463,ro.sims
464,ru.sims
465,sv.sims
466,uk.sims
467,zh.sims
468,elite-dangerous
469,playstation4
470,ratchetandclank
471,postal
472,christianmusic
473,miraculousladybug
474,ru.miraculousladybug
475,manhunt
476,mega64
477,motorstorm
478,themsfightinherds
479,oecake
480,orange-is-the-new-black
481,mortalengines
482,rlm
483,sabrina-carpenter
484,bokunoheroacademia
485,dragoncity
486,sanctuaryrpg
487,zh-hk.pokemon
488,zh.pokemon
489,pokemon
490,bg.pokemon
491,ca.pokemon
492,da.pokemon
493,de.pokemon
494,es.pokemon
495,fr.pokemon
496,hu.pokemon
497,it.pokemon
498,ja.pokemon
499,ko.pokemon
500,nl.pokemon
501,no.pokemon
502,pl.pokemon
503,pt-br.pokemon
504,ru.pokemon
505,tr.pokemon
506,uk.pokemon
507,vi.pokemon
508,simpsons
509,sv.simpsons
510,twitter
511,breakingbad
512,memory-alpha
513,memory-beta
514,beatles
515,chicago
516,philadelphia
517,eurosong-contest
518,sv.eurovision-song-contest
519,history
520,astronomical
521,astronomy
522,sciences
523,sport
524,sports
525,ru.2worldwar
526,world-war-2
527,fr.math
528,ru.math
529,zh.math
530,math
531,serbia
532,australia
533,biology
534,de.dinosaurier
535,starwars
536,jedipedia
537,ru.starwars
538,de.naruto
539,es.naruto
540,fr.naruto
541,naruto
542,pl.naruto
543,pt-br.naruto
544,ru.naruto
545,newzealand
546,ar.onepiece
547,ca.onepiece
548,cs.onepiece
549,de.onepiece
550,el.onepiece
551,es.onepiece
552,eu.onepiece
553,fr.onepiece
554,he.onepiece
555,id.onepiece
556,it.onepiece
557,ja.onepiece
558,ka.onepiece
559,ko.onepiece
560,my.onepiece
561,nl.onepiece
562,no.onepiece
563,onepiece
564,pl.onepiece
565,pt.onepiece
566,ro.onepiece
567,ru.onepiece
568,tr.onepiece
569,uk.onepiece
570,vi.onepiece
571,zh.onepiece
572,maine
573,animals
574,de.tierlexikon
575,dieren
576,es.reinoanimalia
577,fi.elaimet
578,fr.animaux
579,it.animals
580,ru.zoology
581,massachusetts
582,connecticut
583,alaska
584,tennis
585,tennisworld
586,youtube
587,starfleetuniverse
588,steven-universe
589,stormlightarchive
590,warframe
591,hearthstone
592,gonewiththeblastwave
593,monstercat
594,scandanaviaandtheworld
595,twokinds
596,de.tokyoghoul
597,es.tokyo-ghoul-fanon
598,es.tokyoghoul
599,pl.tokyo-ghoul
600,pt.tokyoghoul
601,thetokyoghoulfanon
602,tokyo-ghoul-roleplay
603,tokyoghoul
604,little-witch-academia
605,witcher
606,zaklinac
607,hexer
608,noituri
609,raganius
610,sorceleur
611,vedmak
612,vestac
613,wiedzmin
614,finalfantasy
615,the100
616,de.the-blacklist
617,es.theblacklist
618,pt-br.theblacklist
619,the-blacklist
620,zh.theblacklist
621,xbox-one
622,xboxone
623,clashofclans
624,de.clashofclans
625,es.clashofclans
626,fr.clashofclans
627,hu.clashofclans
628,nl.clashofclans
629,pl.clashofclans
630,pt-br.clashofclans
631,ru.clashofclans
632,zh.clashofclans
633,interstellarfilm
634,pewdiepie
635,rwby
636,bts
637,es.bangtan
638,the-bangtan-boys
639,jackboxgames
640,cookieclicker
641,zootopia
642,xbox
643,es.monster-musume-no-iru-nichijou
644,rickandmorty
645,ricksanchez
646,ahatintime
647,tovelo
648,cinemasins
649,deathbattle
650,boombeach
651,bindingofisaacrebirth
652,fireflyonline
653,be.plantsvszombies
654,cs.plantsvszombies
655,es.plantsvszombies
656,fr.plantsvszombies
657,it.plantsvszombies
658,pflanzen-gegen-zombies
659,pl.plantsvszombies
660,plantsvszombies
661,pt-br.plantas-vs-zumbis-brasil
662,ru.plantsvs-zombies
663,sr.plantsvszombies
664,tl.plantsvszombies
665,uk.plantsvszombi
666,vi.plantsvszombies
667,zh.pvz
668,in-birth
669,borderlands
670,factorio
671,dhmis
672,tron
673,amiibo
674,danmachi
675,westworld
676,bojackhorseman
677,dune
678,de.dune
679,es.dune
680,pl.dune
681,ru.dune
682,tr.dune
683,dragonvale
684,dcextendeduniverse
685,incremental
686,mbmbam
687,expanse
688,overwatch
689,mrrobot
690,hamiltonmusical
691,kerokerobonito
692,nightinthewoods
693,lucifer
694,rimworld
695,ru.rimworld
696,nintendo-switch
697,strangerthings
698,darkmatter
699,houkai2nd
700,agario
701,beeandpuppycat
702,discord
703,drawception
704,thegoodplace
705,wynonnaearp
706,stardewvalley
707,escapefromtarkov
708,filthy-frank
709,this-is-us
710,jubyphonic
711,de.dead-by-daylight
712,deadbydaylight
713,ru.dead-by-daylight
714,fire-force
715,deathstranding
716,theadventurezone
717,black-pink
718,the-handmaids-tale
719,de.the-handmaids-tale
720,bigmouth
721,bigcitygreens
722,mystic-messenger
723,komisan
724,ru.oxygen-not-included
725,arms
726,final-space
727,tr.final-space
728,ru.final-space
729,orville
730,de.orville
731,ru.orville
732,uk.orville
733,celestegame
734,fr.celeste
735,ja.celeste
736,sv.celeste
737,es.infinity-train
738,infinity-train
739,pt-br.infinity-train-brasil
740,ru.infinity-train
741,diepio
742,de.titanfall
743,es.titanfall
744,pt-br.titanfall
745,ru.titanfall
746,titanfall
747,rina
748,umamusume
749,bg.hollowknight
750,de.hollowknight
751,es.hollowknight
752,fr.hollowknight
753,hollowknight
754,it.hollowknight
755,pl.hollowknight
756,pt.hollowknight
757,ru.hollowknight
758,uk.hollowknight
759,sinoalice
760,redditplace
761,worm
762,mobile-legends
763,fr.la-casa-de-papel
764,haus-des-geldes
765,la-casa-de-papel
766,money-heist
767,pl.dom-z-papieru
768,dmk
769,watchdogs
770,anthem
771,minit
772,terragenesis-community
773,realm-grinder
774,fr.oneshot
775,oneshot
776,ru.oneshot
777,zh.oneshotzn
778,girls-last-tour
779,maidens-of-the-savage-season
780,polytopia
781,octopathtraveler
782,blhx
783,contrapoints
784,ghostoftsushima
785,love-live
786,deep-space-69
787,zwift
788,hogwarts-mystery
789,slay-the-spire
790,pt-br.she-raeasprincesasdopoder
791,ru.she-raandtheprincessesofpower
792,she-raandtheprincessesofpower
793,es.hildatheseries
794,hildatheseries
795,alicegearaegis
796,tiktok
797,targetofdesire
798,clairopedia
799,fragmented
800,tol
801,shizuka
802,new-game
803,stadventures
804,minecraftbuildcraft
805,crazydefenseheroes
806,vinesauce
807,bugsnax
808,returnal
809,stray
810,among-us
811,siivagunner
812,jump
813,control
814,disneyplus
815,tr.disneyplus
816,nagatoro
817,theuniversim
818,ninjala
819,virtualyoutuber
820,bindingofisaacfoursouls
821,de.amphibia
822,es.amphibia
823,id.amphibia
824,ja.amphibiapedia
825,pl.amphibia
826,ru.amphibiapedia
827,th.amphibiapedia
828,amphibia
829,es.theowlhouse
830,id.theowlhouse
831,pl.theowlhouse
832,pt-br.theowlhouse
833,ru.theowlhouse
834,theowlhouse
835,uk.theowlhouse
836,sdorica
837,de.der-prinz-der-drachen
838,dragonprince
839,es.dragonprince
840,fr.dragonprince
841,ru.dragonprince
842,worldwar3
843,dyinglight
844,killsixbilliondemons
845,dungeons
846,dungeonsdragons
847,maryland
848,minnesota
849,madonna
850,dragonball
851,twinpeaks
852,microsoft
853,pinkfloyd
854,chemistry
855,pl.cpp
856,football
857,big-soccer
858,footballdatabase
859,punk
860,de.punk
861,fringe
862,miley-cyrus
863,jennette
864,christianity
865,birds
866,basketball
867,golf
868,bus
869,rugbyunion
870,philosophy
871,reddwarf
872,familyguy
873,godzilla
874,atheism
875,socialism
876,sharks
877,elefanten
878,pt-br.disney
879,disney
880,wii
881,nintendo
882,economics
883,harrypotter
884,zh-hk.hongkong
885,htmlcss
886,unicode
887,rabbit
888,ru.zombie
889,zombie
890,psychology
891,ps1
892,ps3
893,ps2
894,playstation2
895,ru.crocodail
896,robotics
897,movies
898,animation
899,arresteddevelopment
900,firefly
901,weather
902,ru.iwpernefer
903,stargate
904,sv.stargate
905,britneyspears
906,ru.diabetes
907,legend-of-zelda
908,zelda
909,metroid
910,topgear
911,bg.doctorwho
912,cs.tardis
913,cy.doctorwho
914,de.doctorwho
915,es.doctorwho
916,fi.doctorwho
917,fr.doctorwho
918,he.doctorwho
919,it.doctorwho
920,nl.doctorwho
921,pl.doctorwho
922,pt.doctorwho
923,ro.doctorwho
924,ru.tardis
925,tardis
926,1980s
927,80s
928,90s
929,es.mynameisearl
930,themandalorian
931,mindustry
932,projectsalt
933,mrbeast
934,deltarune
935,cattails-game
936,rodina
937,hypixel
938,scp-secret-laboratory-official
939,star-trek-fleet-command
940,space-force
941,copypasta
942,unhhhh
943,megido72
944,scroll-of-taiwu
945,zh.taiwu
946,mytimeatportia
947,de.lovedeathrobots
948,lovedeathrobots
949,princess-connect
950,satisfactory
951,babaiswiki
952,de.subnautica
953,en.subnautica
954,es.subnautica
955,fr.subnautica
956,nl.subnautica
957,pl.subnautica
958,pt-br.subnautica
959,ru.subnautica
960,riskofrain2
961,arknights
962,minecraft-earth
963,jellesmarbleruns
964,sky-children-of-the-light
965,atomicrops
966,eldenring
967,it.eldenring
968,pl.eldenring
969,lastepoch
970,ja.lobotomy-corporation
971,lobotomycorp
972,ru.lobotomycorp
973,ashesofcreation
974,genshin-impact
975,zoeysextraordinaryplaylist
976,krunkerio
977,carykh
978,battlefordreamisland
979,globasa
980,gecpedia
981,primaltv
982,high-rollers-dnd
983,the-magnus-archives
984,de.hazbin-hotel
985,es.hazbinhotel
986,fr.hazbin-hotel
987,hazbinhotel
988,ja.hazbinhotel
989,pl.hazbinhotel
990,ru.hazbinhotel
991,tell-me-why
992,sayonara-wild-hearts
993,helluvaboss
994,adventurecommunist
995,the-official-worldbox-wiki
996,worldbox-sandbox-god-simulator
997,boneworks
998,spiritfarer
999,coronavirus
1000,sidemen
1001,someordinarygamers
1002,covid19
1003,monster-girl-island
1004,conquerorsblade
1005,fallguysultimateknockout
1006,local58
1007,action-taimanin
1008,es.action-taimanin
1009,starshiptheory
1010,nioh
1011,splatoon
1012,marvelsuperwar
1013,diabotical
1014,twisted-wonderland
1015,bugfables
1016,clone-hero
1017,startrekadversaries
1018,guns
1019,ru.arabian
1020,capcom
1021,ja.kanye-west
1022,montypython
1023,es.southpark
1024,sv.southpark
1025,fr.southpark
1026,southpark
1027,vermont
1028,abba
1029,new-england
1030,rebecca-black
1031,hitman
1032,es.gaga
1033,fr.ladygaga
1034,ladygaga
1035,ru.ladygaga
1036,freespeech
1037,ru.archaeology
1038,nasa
1039,lostpedia
1040,gameofthrones
1041,ru.gameofthrones
1042,dexter
1043,sopranos
1044,seinfeld
1045,lasvegas
1046,scifi
1047,chrisnolan
1048,taylorswift
1049,taylorswiftlifeandmusic
1050,datsun510
1051,swordartonline
1052,vampirediaries
1053,starwarsrebels
1054,python
1055,avrillavigne
1056,it.avrillavigne
1057,antm
1058,littlebigplanet
1059,canada
1060,japan
1061,scotland
1062,norway
1063,england
1064,wales
1065,us
1066,sweden
1067,sv.sverige
1068,denmark
1069,fin
1070,italy
1071,poland
1072,portugal
1073,antarctica
1074,netherlands
1075,lolcats
1076,sanfrancisco
1077,berlin
1078,internet
1079,london
1080,google
1081,mexico
1082,boston
1083,france
1084,ukb
1085,united-kingdom
1086,unitedkingdom
1087,fish
1088,russia
1089,germany
1090,estonia
1091,iceland
1092,slovenia
1093,ukraine
1094,czech-republic
1095,bulgaria
1096,albania
1097,croatia
1098,minecraft
1099,ja.minecraft
1100,minecraft-archive
1101,zh.minecraft
1102,akb48
1103,adventuretime
1104,americanhorrorstory
1105,nfs
1106,wiiu
1107,rlcraft
1108,pizzatower
1109,popularmmos
1110,slay-the-princess
1111,brickrigs
1112,lilypichu
1113,hyperscape
1114,kyle-rittenhouse
1115,turtlepedia
1116,supermarioglitchy4
1117,gyee
1118,love-letter-community
1119,love-letter-my-true-feelings
1120,going-under
1121,phasmophobia
1122,injustice-2-mobile
1123,politicsandwar
1124,fr.elliottleterrien
1125,pl.elliott-z-planety-ziemia
1126,pt-br.oelliottdaterra
1127,elliottfromearth
1128,kaiserreich
1129,twewy
1130,kaiju-no-8
1131,back4blood
1132,eternalreturn
1133,roycecaldwell
1134,maplestorym
1135,underhero
1136,hexonia
1137,bgyo
1138,tabletopplayground
1139,afk-arena
1140,valheim
1141,rogue-heroes-ruins-of-tasos
1142,hermitcraft
1143,ftb
1144,mr-prepper
1145,levelhead
1146,omori
1147,loophero
1148,wynncraft
1149,fridaynightfunkin
1150,everhood
1151,jreg
1152,vldl
1153,sonny-boy
1154,snkrx
1155,eastward
1156,lightsum
1157,duranki
1158,leonelegant
1159,the-hunters-guild
1160,pinkpantheress
1161,the-spiffing
1162,ethoslab
1163,friendsatthetable
1164,krrw
1165,paymoneywubby
1166,minilang
1167,sifu
1168,potion-craft
1169,babesdirectory
1170,erobb221
1171,merge-mansion
1172,dorondororon
1173,toweroffantasy
1174,old-gods-of-appalachia
1175,wylde-flowers
1176,backrooms-freewriting
1177,thenaughtywitch
1178,empiresandpuzzles
1179,inanimateinsanity
1180,leaf-blower-revolution
1181,thrive
1182,dislyte
1183,danball
1184,fi.danball
1185,surrealmemes
1186,surrealpedia
1187,analog-horror-0
1188,lasaga
1189,pilotredsun
1190,objectshowfanonpedia
1191,mcchampionship
1192,okegom
1193,gemini-home-entertainment
1194,newjeans
1195,reksio
1196,antimatter-dimensions
1197,hfjone
1198,pxlsspace
1199,biomesoplenty
1200,pt-br.gustavoegato
1201,gustavoegato
1202,gedonia
1203,the-urban-rescue-ranch
1204,hyouka
1205,phoenotopia
1206,dog-ningen
1207,animation-meme
1208,drawfee
1209,thewaltenarchives
1210,chiknnuggit
1211,at-dead-of-night
1212,mynameisearl
1213,greek-gods-heroes-and-monsters
1214,greek-myth
1215,greekmythology
1216,one-of-the-greatest-sources-for-greek-mythology
1217,beyoncepedia
1218,janeausten
1219,tokipona
1220,it.rihannawikinow
1221,ja.rihanna
1222,rihanna
1223,lanadelrey
1224,mcdonalds
1225,jenniferlopez
1226,mariahcarey
1227,demilovato
1228,inspiringdemilovato
1229,sony
1230,christinaaguilera
1231,perl
1232,es.katyperry
1233,it.katyperry
1234,katyperry
1235,pl.katy-perry
1236,bisexuality
1237,de.nightwish
1238,diablo
1239,acnewleaf
1240,acnl
1241,konami
1242,iceandfire
1243,vampires
1244,xbox-360
1245,wiisports
1246,ru.burokrat
1247,gods-and-demons
1248,fr.hermionegranger
1249,kemco
1250,arina
1251,4400
1252,gse1
1253,id.shaunthesheep
1254,shaunthesheep
1255,deadmanwonderland
1256,yumekuimerry
1257,macysthanksgiving
1258,zh.jinyong
1259,xanth
1260,theitcrowd
1261,deities
1262,smallville
1263,vs
1264,marvelcinematicuniverse
1265,goldenboy
1266,captaintsubasa
1267,ru.domb
1268,soapbubble
1269,cityville
1270,ru.winxopedia
1271,winx
1272,superman
1273,ru.blizz
1274,disneychannel
1275,thenannytv
1276,thenanny
1277,paramore
1278,es.paramore
1279,columbine
1280,ru.couragethecowardlydog
1281,courage
1282,natsumeyuujinchou
1283,rare
1284,dubbing
1285,es.total-drama-world-tour
1286,magnumpi
1287,rulesofengagement
1288,ru.kommissarrex
1289,inspectorrex
1290,theofficialbethesdasoftworks
1291,pingu
1292,de.wallaceundgromit
1293,wallaceandgromit
1294,felixthecat
1295,samuraijack
1296,07ghost
1297,redneck
1298,blood-lad
1299,bandydatabase
1300,beachboys
1301,eastonellis
1302,dogdays
1303,mychemicalromance
1304,mrbean
1305,topcat
1306,2stupiddogs
1307,fablehaven
1308,revengeabc
1309,westsidestory
1310,ru.soyuzmultfilm
1311,ru.underworld
1312,pt-br.anjos-da-noite
1313,pl.underworldmovies
1314,fr.underworld
1315,es.underworld
1316,de.underworldmovies
1317,underworld
1318,tr.sureklidizi
1319,regularshow
1320,downtownabbey
1321,buffy
1322,wizardsofwaverlyplace
1323,treasureisland
1324,treasure-island
1325,meitantei-conan
1326,detectiveconan
1327,cbselementary
1328,teenage-mutant-ninja-turtles-1987-series
1329,ru.simcity
1330,pt-br.simcity
1331,fr.simcity
1332,fi.simcity
1333,es.simcity
1334,de.simcity
1335,simcity
1336,conanobrien
1337,tdg
1338,mythbusters
1339,pathfinder
1340,scoobydoomysteryincorporated
1341,burnnotice
1342,anthraxband
1343,magickaito
1344,arcade
1345,labyrinth
1346,problemsolverz
1347,antfarm
1348,starlightexpressmusical
1349,stephaniebrown
1350,angeliclayer
1351,shazam
1352,hungarian-folk-tales
1353,square
1354,dragonlance
1355,homeschooling
1356,ru.fort-boyard
1357,ghostintheshell
1358,viewmaster
1359,bridge
1360,counterculture
1361,666parkavenue
1362,rpgmaker
1363,newgrounds
1364,csi
1365,alf
1366,iamamiwhoami
1367,usspaceforce
1368,de.liciatroisi
1369,ru.dreamworks
1370,pt-br.dreamworksanimation
1371,pl.dreamworks
1372,es.dreamworks
1373,de.dreamworks
1374,dreamworks
1375,sclub7
1376,freaksandgeeks
1377,vi.narnia
1378,ru.narnia
1379,pt.narnia
1380,pl.narnia
1381,ja.narnia
1382,id.narnia
1383,hu.narnia
1384,fr.narnia
1385,es.narnia
1386,de.narnia
1387,narnia
1388,tmnt2012series
1389,teenage-mutant-ninja-turtles-nickelodeon-tv-series
1390,teenage-mutant-ninja-turtles-2012-series
1391,teenage-mutant-ninja-turtles-2012
1392,thomas
1393,ru.thomas
1394,lunchbox
1395,nadia
1396,galaxyangel
1397,otogi-jushi-akazukin
1398,boysoverflowers
1399,slamdunk
1400,kingarthur
1401,nintendopower
1402,ed
1403,little-inferno
1404,khanacademy
1405,nausicaa
1406,monk
1407,twohalfmen
1408,tombraider
1409,ru.tombraider
1410,pl.tombraider
1411,ja.tombraider
1412,it.tombraider
1413,fr.tombraider
1414,es.tombraider
1415,de.tombraider
1416,azealia-banks
1417,beemovie
1418,90210
1419,yokai
1420,7thheaven
1421,bandai
1422,ru.minetest
1423,jakeandtheneverlandpirates
1424,hawaiifiveo
1425,fifth-element
1426,fma
1427,fightclub
1428,hellokitty
1429,ru.monster
1430,monster
1431,uglybetty
1432,beavisandbutthead
1433,uk.andromeda
1434,de.andromeda
1435,andromeda
1436,nadeo
1437,happydays
1438,he-man
1439,mayberry
1440,kekkaishi
1441,zatchbell
1442,widgettheworldwatcher
1443,planetoftheapes
1444,coldcase
1445,hanna-barbera
1446,whentheycry
1447,kabbalah
1448,ja.warnerbros
1449,fr.warner-bros
1450,es.warnerbros
1451,el.warnerbros
1452,warnerbros
1453,kanzaka
1454,zigandsharko
1455,gossipgirl
1456,activision
1457,legacyofkain
1458,zloczyncy
1459,ru.zlodei
1460,pt-br.viloes
1461,it.villains
1462,fr.mechants
1463,de.schurken
1464,villains
1465,melanierawn
1466,ru.chipanddale
1467,animalcollective
1468,nl.reddead
1469,fr.reddead
1470,de.reddeadredemption
1471,de.reddead
1472,melroseplace
1473,speedway
1474,midsomermurders
1475,pixar
1476,es.pixar
1477,beaniebabies4evr
1478,beaniebabies
1479,thementalist
1480,thegirlsaloud
1481,robotwars
1482,cougartown
1483,springawakening
1484,nitrome
1485,es.nitrome
1486,hikago
1487,watchmen
1488,ru.scoobydoo
1489,scoobydoo
1490,er
1491,toon-disney
1492,disneyjuniorpedia
1493,larryniven
1494,rockyhorror
1495,attackontitan
1496,relichunter
1497,ru.youngjustice
1498,youngjustice
1499,terraformars
1500,ru.terra-formars
1501,es.terraformars
1502,beinghuman
1503,streetsharks
1504,happytreefriendsfanon
1505,happytreefriends
1506,squareenix
1507,fr.squareenix
1508,es.squareenix
1509,theatari
1510,atari
1511,officialbellathorne
1512,bellathornefan
1513,ultimateghostwhisperer
1514,ghostwhisperer
1515,atlantisthelostempire
1516,lovehina
1517,californication
1518,mana
1519,pat-and-mat
1520,secretlife
1521,unforgettable
1522,mattel
1523,switchedatbirth
1524,de.kwak
1525,supernanny
1526,dukenukem
1527,sv.sunebert
1528,rct
1529,thebirthdaymassacre
1530,pt-br.thebirthdaymassacre
1531,hannahmontana
1532,ru.brave
1533,flintstones
1534,onetreehill
1535,beyondbelief
1536,costumequest
1537,catholicum
1538,kyoukaramaou
1539,deepolis
1540,freshprince
1541,namco
1542,madmagazine
1543,rent
1544,thelatestbuzz
1545,personofinterest
1546,discovery-family
1547,talespin
1548,ru.talespin
1549,jag
1550,rockosmodernlife
1551,audiosurf
1552,amazingspiez
1553,weirdscience
1554,scientology
1555,commodore
1556,raymond
1557,marriedwithchildren
1558,1nsane
1559,peel
1560,ikariam
1561,stine
1562,zim
1563,pl.zim
1564,invaderzimfanon
1565,eastenders
1566,nypdblue
1567,grease
1568,wicked
1569,pt-br.johnnytest
1570,johnnytest
1571,johnny-test-and-friends
1572,es.johnnytestx
1573,es.johnnytest
1574,galactica
1575,primeval
1576,spawn
1577,arm
1578,vi.tomandjerry
1579,ru.tomandjerry
1580,pt-br.tomejerry
1581,pl.tom-i-jerry
1582,id.tomandjerry
1583,es.tomyjerry
1584,tomandjerry
1585,ultimatepopculture
1586,hbo-rome
1587,ru.nu-pogodi
1588,thegirlwholeptthroughtime
1589,growingupcreepie
1590,terminator
1591,ru.terminator
1592,pt-br.exterminadordofuturo
1593,pl.terminator
1594,ja.terminator
1595,fr.terminator
1596,es.terminator
1597,de.terminator
1598,aquaman
1599,samandcat2
1600,samandcat
1601,pt-br.samandcatbr
1602,nick-samandcat
1603,es.samandcat
1604,gameshows
1605,eurobeat
1606,de.prowrestling
1607,desperatehousewives
1608,ru.vanhelsing
1609,subgenius
1610,willandgrace
1611,catsmusical
1612,wonder-woman
1613,modeltrains
1614,suddenattack
1615,interplay
1616,arcanum
1617,uk.ninjago
1618,ru.ninjago
1619,pt-br.ninjago
1620,pl.ninjago
1621,es.ninjago
1622,de.lego-ninjago
1623,bg.ninjago-viki
1624,ninjago
1625,fantasy
1626,gameandwatch
1627,kingkong
1628,johnnybravo
1629,premierepro
1630,magiccity
1631,dollhouse
1632,bartimaeus
1633,tr.nazilli
1634,tr.teentitans
1635,ru.teen-titans
1636,pt-br.teentitans
1637,pl.teentitans
1638,es.teentitans
1639,teentitans
1640,forgottenrealms
1641,totaldramaactionfanon
1642,smg2
1643,smariogalaxy2
1644,galaxy2mario
1645,serioussam
1646,hkrail
1647,zatanna
1648,nintendogs
1649,pt-br.blue-sky-studios
1650,bstudios
1651,monster-buster-club
1652,dcau
1653,dexterslab
1654,elevation
1655,beegees
1656,jonasbrothers
1657,jonas
1658,adjl
1659,phineasandferb
1660,maxandruby
1661,skillet
1662,battleroyale
1663,sugarsugarrune
1664,irongiant
1665,fiveds
1666,donnasummer
1667,pl.generator-rex
1668,es.generadorrex
1669,generatorrex
1670,infowars
1671,curling
1672,oregairu
1673,terranova
1674,shamanking
1675,ufology
1676,tr.ogame
1677,pt-br.wikiogame
1678,pl.ogame
1679,ogame
1680,ko.ogame
1681,ja.ogame
1682,it.ogame
1683,hr.ogame
1684,fr.ogame
1685,es.ogame
1686,de.ogame
1687,da.ogame
1688,ru.darkwingduck
1689,de.darkwingduck
1690,darkwingduck
1691,fluch-der-karibik
1692,3rdrock
1693,de.animalcrossing-ww
1694,blackbooks
1695,bluebloodstv
1696,toastmasters
1697,videogamehistory
1698,megasxlr
1699,extereme-dinosaurs
1700,spyro
1701,lois-and-clark-the-new-adventures-of-superman
1702,fallingskies
1703,juniperlee
1704,1001films
1705,cbbc
1706,freelancer
1707,revengeoftheisland
1708,baywatch
1709,althistory
1710,ru.dorama
1711,chipndale
1712,lagooncompany
1713,poptropica
1714,blosc
1715,captainscarlet
1716,ru.bindingofisaac
1717,pl.bindingofisaac
1718,fr.thebindingofisaac
1719,fr.the-binding-of-isaac-rebirth-fr
1720,es.bindingofisaac
1721,de.bindingofisaac
1722,bindingofisaac
1723,tokimemo
1724,428-shibuya-scramble
1725,quibi
1726,mineplex
1727,legocityadventures
1728,farmerbob-lore
1729,fukaboku
1730,bt21
1731,bocchi-the-rock
1732,isekai-ojisan
1733,rocketpunch
1734,cardgames
1735,badpiggies
1736,krabat
1737,onedirectioninfection
1738,onedirection
1739,fr.onedirection
1740,es.onedirection
1741,de.onedirection
1742,itv
1743,turtle
1744,warzone2100
1745,castle
1746,anticapitaliste
1747,ageofwonders
1748,gmanetwork
1749,planet51
1750,treehousetv
1751,helloproject
1752,googledevelopers
1753,evilgenius
1754,imageboard
1755,chans
1756,gltas
1757,pl.gltas
1758,the-hockey-girls
1759,ca.les-de-lhoquei-wiki
1760,glitchtechs
1761,vampire-the-masquerade-la-by-night
1762,bestbugsforever
1763,nevermoor
1764,dawn-of-man
1765,dropout
1766,jetix
1767,it.squadraspecialecobra11
1768,princeofpersia
1769,littlemix
1770,teenage-mutant-ninja-turtles-2003-series
1771,freeciv
1772,hh
1773,greysanatomy
1774,peterfhamilton
1775,turtledove
1776,net-idol
1777,lcars
1778,matchbox
1779,lastexile
1780,taito
1781,epicrapbattlesofhistory
1782,kingdom
1783,lifeunexpected
1784,pl.mako-mermaids
1785,makomermaids
1786,mako-mermaids1
1787,mako-mermaids-an-h2o-adventure
1788,symbionic
1789,defendersquest
1790,a-short-hike
1791,kandagawajetgirls
1792,breach
1793,ru.evangelion
1794,pt-br.neongenesisevangelion
1795,fr.evangelion
1796,evangelionfanon
1797,evangelion
1798,es.evangelion
1799,de.evangelion
1800,modao-zushi
1801,greenhell
1802,wolfwalkers
1803,paramount
1804,playmobil
1805,07th-expansion
1806,0ad
1807,ru.hero
1808,pl.bohaterowie
1809,ja.hero
1810,hero
1811,fr.heros
1812,es.heros
1813,rosslynch
1814,farscape
1815,theneverendingstory
1816,captainplanet
1817,alldogsgotoheaven
1818,chefville
1819,psg
1820,lawandorder
1821,biopunk
1822,munster
1823,de.gothic
1824,gothic
1825,smbc
1826,clarissaexplainsitall
1827,watamote
1828,edgeofeternity
1829,the-legend-of-bumbo
1830,strawberry-prince
1831,shadowfight
1832,brand-new-animal
1833,spy-vs-spy.fandom
1834,starfox
1835,ru.wod
1836,earthfinalconflict
1837,projectsekai
1838,the-mogai-community
1839,rainbowpedia
1840,mogai
1841,ko.mogai-prideflag
1842,darksouls
1843,ragnorium
1844,thefungies
1845,aespa
1846,nightcourt
1847,spartacus
1848,afterearth
1849,cs.wow
1850,wowwiki
1851,es.polybius
1852,brucespringsteen
1853,theghostandmollymcgee
1854,voidbastards
1855,whatwedointheshadows
1856,zyxx
1857,sanah
1858,nakitaiwatashi
1859,vi.otonari-no-tenshisama-tieng-viet
1860,otonari-no-tenshi
1861,iron-harvest
1862,ja.missionimpossible
1863,missionimpossible
1864,renaissancekingdoms
1865,rainbowbrite
1866,archiesonic
1867,moongirlanddevildinosaur
1868,lateralligator
1869,middlemost-post
1870,notforbroadcast
1871,hercules-xena
1872,charmed
1873,sawfish
1874,100bullets
1875,klaus-schulze
1876,nursery-rhymes-wiki
1877,rainbowmagic
1878,dicktracy
1879,clonewars
1880,wiisportsresort
1881,sanrio
1882,emmaavictorianromance
1883,themiddle
1884,royalpains
1885,dddiva
1886,crimsonskies
1887,disneyprincess
1888,secondsfromdisaster
1889,crossfirex
1890,ru.kipo
1891,kipo
1892,trex-runner
1893,senior-discount-lore
1894,newsupermariobroswii
1895,supermariogalaxy
1896,twm
1897,sawfilms
1898,politicabr
1899,phantomoftheopera
1900,mysocalledlife
1901,deathinparadise
1902,wikijail
1903,superjail
1904,billyunger
1905,shiki
1906,satellaview
1907,littleshop
1908,layton
1909,it.layton
1910,fr.professeur-layton
1911,es.layton
1912,de.layton
1913,inosaucers
1914,blackbook
1915,gerontology
1916,ru.ghostbusters
1917,ghostbusters
1918,dieselpunk
1919,expedition
1920,reboot
1921,chuckecheese
1922,chucke
1923,spykids
1924,outlawstar
1925,de.vroniplag
1926,the-spiral-zone
1927,sietevidas
1928,zoids
1929,chibirobo
1930,shadowraiders
1931,legendofdragoon
1932,firemansam
1933,masters-of-sex
1934,gravitymovie
1935,sonsoftheforest
1936,needy-streamer-overload
1937,presentable-liberty
1938,extreme-hearts
1939,hokkolife
1940,disneydreamlightvalley
1941,irishcomics
1942,legendofkeepers
1943,ultra-violet-black-scorpion
1944,pop-pixies
1945,fr.akame-ga-kill
1946,es.akamegakillfanon
1947,es.akamegakill
1948,de.akamegakill
1949,akamegakill
1950,troika
1951,obscure
1952,fastandfurious
1953,exosquad
1954,vanhelsing
1955,deadpool
1956,midgard
1957,planeshift
1958,railroadtycoon
1959,railroad-tycoon
1960,evanescence
1961,ru.earthbound
1962,earthbound
1963,supermeatboy
1964,ru.supermeatboy
1965,stayc
1966,mad-rat-dead
1967,kyuukyoku-shinka-shita-full-dive-rpg
1968,bella-poarch
1969,go-dog-go
1970,hdtf
1971,turningred
1972,lego-super-mario
1973,dungeons-and-daddies-podcast
1974,skul
1975,ittakestwo
1976,thomas-and-friends-all-engines-go
1977,meeloise
1978,honorverse
1979,zh.bilibili
1980,es.jack-t-chick
1981,kongregate
1982,playstationmoveheroes
1983,doubledragon
1984,hyperscan
1985,psychonauts
1986,pg2
1987,transformers
1988,bosstones
1989,leisuresuitlarry
1990,animeblushes
1991,diary-of-a-wimpy-kid
1992,yinyangyo
1993,11eyes
1994,ru.dinosaurtrain
1995,dtrain
1996,fatherted
1997,gegegenokitaro
1998,arleandcarbuncle
1999,jekyllmusical
2000,pl.tmnt
2001,es.tortugasninja
2002,de.tmnt
2003,matildathemusical
2004,totalhousefisherprice
2005,simonscat
2006,simoncat
2007,quintet
2008,openarena
2009,texmurphy
2010,the-bravest-knight
2011,ponylife
2012,big-chungus
2013,petscop
2014,kena-bridge-of-spirits
2015,littledevilinside
2016,bpositive
2017,blood
2018,elinor-wonders-why
2019,escaped-chasm
2020,oshinoko
2021,sailormoondrops
2022,mamahaha-no-tsurego-ga-motokano-datta
2023,pl.luca
2024,luca
2025,adoptme
2026,american-song-contest
2027,bus-simulator
2028,frieren
2029,lycoris-recoil
2030,ru.james-camerons-avatar
2031,pl.james-camerons-avatar
2032,nl.james-camerons-avatar
2033,james-camerons-avatar
2034,ja.james-camerons-avatar
2035,hu.james-camerons-avatar
2036,fr.avatar-film
2037,es.james-camerons-avatar
2038,de.james-camerons-avatar
2039,girlgenius
2040,baldursgate
2041,ranczo
2042,ru.mashaandthebear
2043,masha-and-the-bear
2044,diehard
2045,the-villains-of-valley-view
2046,elemental
2047,yuppiepsycho
2048,exocolonist
2049,rosies-rules
2050,limelightseoul
2051,lollipopchainsaw
2052,lostgirl
2053,timehollow
2054,mst3k
2055,shipping
2056,moralorel
2057,ru.schastliviwmeste
2058,muppet
2059,fictional-cities
2060,riddick
2061,pvpgn
2062,fruitninja
2063,fr.highlander
2064,highlander
2065,pl.x-mencinematicuniverse
2066,fr.xmen
2067,es.x-men
2068,xmenmovies
2069,universalmonsters
2070,pennyarcade
2071,austinpowers
2072,robocop
2073,ru.kung-fu-panda
2074,nl.kungfupanda
2075,kungfupanda
2076,fr.kungfupanda
2077,es.kungfupanda
2078,de.kungfupanda
2079,16andpregnant
2080,www.portroyale3
2081,whitestkids
2082,raggedyann
2083,revelationspace
2084,transportgiant
2085,cinematictitanic
2086,patrician3
2087,es.syphonfilter
2088,syphonfilter
2089,ru.madagascar
2090,pt-br.madagascar
2091,pinguinosdemadagascar
2092,ms.madagascar
2093,fi.madagascar
2094,de.madagascar
2095,madagascar
2096,bowserkoopa
2097,actionman
2098,thegreatestamericanhero
2099,sunsoft
2100,toystorymovies
2101,compedia
2102,ko.jurassicpark
2103,jurassicpark
2104,squid-game
2105,sissy-villains
2106,unboundworldsapart
2107,airforce-delta
2108,maya-and-the-three
2109,youngroyals
2110,powerwashsimulator
2111,ninetofive
2112,takt-op
2113,dimension20
2114,tome
2115,falloutequestria
2116,centaurworld
2117,ko.inspectorkoo
2118,theforgottencity
2119,dice-legacy
2120,zoophobia
2121,insidejob
2122,es.insidejob
2123,xenogenderwiki
2124,billlie
2125,ironwidow
2126,tenten-kakumei
2127,pplaytime
2128,poppy-playtime
2129,haunted-chocolatier
2130,ayashimon
2131,phantom-of-the-idol
2132,louistomlinson
2133,harry-styles
2134,homealone
2135,howtotrainyourdragon
2136,teen-titans-go
2137,ru.teen-titans-go
2138,pt-br.teen-titans-go
2139,id.teen-titans-go
2140,fr.teen-titans-go
2141,es.losjovenestitanesenaccion
2142,mummy
2143,monstersvsaliens
2144,tokyoesp
2145,es.tokyo-esp
2146,tremors
2147,wl6
2148,collegehumor
2149,taarakmehta
2150,lonelygirl15
2151,uglydoll
2152,it.uglydoll
2153,iggy-azalea
2154,dungeonsofdredmor
2155,thundarr
2156,lionking
2157,norn9
2158,underthedome
2159,es.underthedome
2160,clonehigh
2161,daddy-dj
2162,ru.future
2163,future
2164,walkingdead
2165,jetsetradio
2166,j-s-r
2167,pl.original-war
2168,dontstarve
2169,ru.trybogatiry
2170,natm
2171,nastolki
2172,dracula
2173,saturdaysupercade
2174,marvel
2175,vintergatan
2176,reddead
2177,redfaction
2178,fr.scenes-de-menages
2179,sphinxandthecursedmummy
2180,swminis
2181,asimov
2182,westwing
2183,theslenderman
2184,slendermanconnection
2185,spyparty
2186,astroblast
2187,cs.supernatural
2188,organtrail
2189,thestanleyparable
2190,qinsmoon
2191,rcn
2192,rollbots
2193,runefrontier
2194,showbizpizza
2195,skannerz
2196,world-of-warships
2197,brickleberry
2198,ru.vesyolaya-karusel
2199,biomedicalcybernetics
2200,ru.voroniny
2201,nl.declubvansinterklaas
2202,pinocchiodisney
2203,livingdeaddolls
2204,ru.chima
2205,legolegendsofchima
2206,wolfenstein
2207,ru.alisamovie
2208,rowan-blanchard
2209,ru.sled
2210,usasupernanny
2211,censorship
2212,grahamnorton
2213,thebibleman
2214,bigidea
2215,hkbus
2216,brothersataleoftwosons
2217,browncoats
2218,carriemovies
2219,ultrafusionfall
2220,pt-br.fusionfall
2221,fusionfall-fannon
2222,fusionfall-fanfiction
2223,fusionfall
2224,fanonfall
2225,thatguywiththeglasses
2226,chargeman-ken
2227,xcx-world
2228,tennesseevols
2229,danball-senki
2230,jenna-marbles
2231,theearthdefenseforce
2232,fakku
2233,thesolarsystem
2234,solarsystem
2235,oursolarsystem
2236,planet
2237,cryoffear
2238,cry-of-fear
2239,gunslingerstratos
2240,mob-psycho-100
2241,luminousarc
2242,yokaiwatch
2243,shounen-maid
2244,thegoldbergs
2245,starvstheforcesofevil
2246,freedomwars
2247,color
2248,x-files
2249,unrealworld
2250,worms
2251,answers
2252,fortresscraft
2253,candycrush
2254,nanatsu-no-taizai
2255,playskool
2256,subwaysurf
2257,ru.subwaysurfersforever
2258,ru.subwaysurf
2259,zh.inaiinaibaa
2260,jupiter-ascending
2261,z-squad
2262,pagan
2263,the-myths-of-mythologies
2264,mythworld
2265,mythus
2266,pl.bighero6
2267,bighero6
2268,bleach
2269,de.ffxiv-a-realm-reborn
2270,ffxiv
2271,goblinscomic
2272,ben10
2273,hive
2274,halloweenhorrornights
2275,es.heroes
2276,de.heroes-of-might-and-magic
2277,nl.sinterklaas
2278,hoopsyoyo
2279,senrankagura
2280,tku
2281,maineinfo
2282,itsaspongebobchristmas
2283,kingdomrushtd
2284,liloandstitch
2285,fzero
2286,madeinchelsea
2287,ru.meninblack
2288,meninblack
2289,monstersinc
2290,mrdeity
2291,multiplicity
2292,ravenhearst
2293,mysterycasefiles
2294,oobi
2295,peewee
2296,plagueinc
2297,fairy-tales
2298,atlantis
2299,cs.fores
2300,soma
2301,the-school-of-ever-after-high-pedia
2302,ru.everafterhigh
2303,pt.ever-after-high-oficialpt-br
2304,pt-br.everafterhighfandom
2305,pt-br.everafterhigh-oficial
2306,pt-br.everafterhigh
2307,pl.ever-after-high-wlasne-postacie
2308,pl.ever-after-high
2309,fr.everafterhigh
2310,everafterhighfandom
2311,everafterhigh
2312,everafterau
2313,ever-after-high-turkey
2314,ever-after-high
2315,es.everafterhigh
2316,eneverafterhigh
2317,eahdolls
2318,ashlynn-and-the-rest-of-ever-after-high
2319,zh.gotham
2320,ru.gotham
2321,de.gotham
2322,gotham
2323,arkhamcity
2324,transistor
2325,mom-cbs
2326,turok
2327,super-mario-3d-world
2328,theorder1886
2329,robthurman
2330,rogue-legacy
2331,comics
2332,xkcd-time
2333,bloodborne
2334,es.fifa-ultimate-team
2335,mariomaker
2336,the7d
2337,pl.transformersrobotsindisguise
2338,stampylongnose
2339,meghantrainor
2340,crawl
2341,chuck-nbc
2342,aladdin
2343,age-of-wonders-3
2344,destinyofspirits
2345,undateable-wikia
2346,undateable
2347,goatsimulator
2348,nightvale
2349,clarence
2350,bordertown
2351,v
2352,oceanhorn
2353,crypt-of-the-necrodancer
2354,anodyne
2355,eternalcrusade
2356,duelingnetwork
2357,valianthearts
2358,evolve
2359,themangaguide
2360,hyperlightdrifter
2361,ru.junglebunch
2362,fr.lesasdelajungle
2363,junglebunch
2364,tcv
2365,brunomars
2366,volleyball
2367,rime
2368,this-war-of-mine
2369,pl.this-war-of-mine
2370,ncis-new-orleans
2371,blackish
2372,themysteriesoflaura
2373,ytp
2374,younger
2375,truck-simulator
2376,high-school-usa
2377,nstaaf
2378,moribito
2379,uber
2380,thelastmanonearth
2381,Kumkum Bhagya Wiki
2382,sense8
2383,carolinepolachek
2384,q-force
2385,monsterallergy
2386,scorpion
2387,schitts-creek
2388,mysticons
2389,s
2390,ru.eminsk
2391,tokyodark
2392,otocadoll
2393,de.historica
2394,gamergate
2395,age-of-empires-castle-siege
2396,tomska
2397,ru.frozen
2398,es.frozen
2399,frozen
2400,gauntlet
2401,vainglory
2402,zoo-tv-series
2403,msmsmsm
2404,evermoorchronicles
2405,deadisland
2406,dreadnought
2407,life-is-strange
2408,chucknorris
2409,de.anno-2205
2410,anno2205
2411,horizonzerodawn
2412,growtopia
2413,nekoatsume
2414,gigantic
2415,de.steinsgate
2416,steins-gate
2417,pt-br.blackclover
2418,id.blackclover
2419,es.blackclover
2420,blackclover
2421,forhonor
2422,ru.moscowmetro
2423,moana
2424,100-things-to-do-before-high-school
2425,ru.lolirock
2426,pt-br.lolirock
2427,pl.lolirock
2428,lolirock
2429,fr.lolirock
2430,ferdinandmovie
2431,schoolofrockseries
2432,grey-goo
2433,scream-queens
2434,pkmnshuffle
2435,ru.inspectorgadget2015
2436,heroes-reborn-mini-series
2437,fauda
2438,es.elministeriodeltiempo
2439,lionguard
2440,fr.lionguard
2441,pt-br.redeglobo
2442,tr.zamancarki
2443,nl.rdt
2444,it.laruotadeltempo
2445,es.laruedadeltiempo
2446,de.rad-der-zeit
2447,wot
2448,daysgone
2449,pannenkoek2012
2450,absolver
2451,bpro
2452,colony
2453,outer-wilds
2454,huniepop
2455,paranautical-activity
2456,valkyriedrive
2457,planetcoaster
2458,goldenkamuy
2459,spirit-circle
2460,letterkenny
2461,lemondemon
2462,project-diva
2463,nekopara
2464,crazyexgirlfriend
2465,cxg
2466,echoofsoul
2467,webarebears
2468,limitlesstvshow
2469,limitlesscbs
2470,groundhogday
2471,ncis
2472,dream-catcher
2473,megaton-rainfall
2474,we-happy-few
2475,ja.we-happy-few
2476,adventure-capitalist
2477,blocksworld
2478,es.archiecomics
2479,archiecomics
2480,human-rights-in-cyberspace
2481,kimkardashianhollywood
2482,portal-stories-mel
2483,dearevanhansen
2484,valerian-and-the-city-of-a-thousand-planets
2485,harveycomics
2486,nocopyrightsounds
2487,fran-bow
2488,macrossdelta
2489,ru.five-nights-at-freddys-world
2490,pl.five-nights-at-freddys-cz-1cz-2cz-3cz-4-world-i-sl
2491,five-nights-at-freddys-world
2492,numb3rs
2493,magic-cat-academy
2494,blacklightning
2495,ru.thelastofus
2496,pt-br.thelastofus
2497,pl.thelastofus
2498,it.thelastofus
2499,fr.thelastofus
2500,es.thelastofus
2501,de.thelastofus
2502,thelastofus
2503,nanabunnonijyuuni
2504,bill-wurtz
2505,animation-throwdown
2506,zh.jiuzhou
2507,vampirina
2508,pt-br.vampirina
2509,bunniculatvseries
2510,indivisible
2511,myimmortal
2512,pj-masks
2513,nl.csi
2514,eastenders-freak
2515,de.vampyr
2516,oxenfree
2517,tensura
2518,cellsatwork
2519,nogunslife
2520,machikado-mazoku
2521,altered-carbon
2522,minecraft-modsmc
2523,mcmodhelp
2524,scarlet-hollow
2525,ncisla
2526,stanislaw-lem
2527,nato
2528,dark-netflix
2529,pico-8
2530,ru.fabulous-patrol
2531,fantasypatrol
2532,ru.ducktales2017
2533,nl.ducktales2017
2534,wonder-park
2535,ru.writing
2536,de.babylon-berlin
2537,nanbakafanon
2538,nanbaka
2539,skam
2540,bull
2541,twomoreeggs
2542,moternmedia
2543,ru.elena-of-avalor
2544,pl.elena-z-avaloru
2545,es.elena-of-avalor
2546,elenaofavalor
2547,karkadann
2548,mammal
2549,travelers
2550,agents-of-mayhem
2551,brawlout
2552,kemono-friends
2553,imposters
2554,alice-isnt-dead
2555,furigame
2556,ryan-hampton
2557,osirisnewdawn
2558,fr.las-chicas-del-cable
2559,cable-girls
2560,godville
2561,pl.smokely
2562,de.drachen
2563,dragons
2564,snow
2565,videogame-database
2566,video-games
2567,the-video-game
2568,gamingdatabase
2569,games-wiki
2570,two-point-hospital
2571,idwsonic
2572,bladerunner
2573,finalfantasytcg
2574,final-fantasy-card-game
2575,masterclass
2576,deadly-class
2577,fr.charmed-2018
2578,charmed-reboot
2579,goodtrouble
2580,aplaguetale
2581,for-all-mankind
2582,the-best-mythology
2583,mythologies-of-the-earth
2584,myth1
2585,religion
2586,maryskelternightmares
2587,spiesindisguise
2588,cookservedelicious
2589,ru.disenchantment
2590,fr.disenchantment
2591,es.disenchantment
2592,disenchantment
2593,de.disenchantment
2594,ooblets
2595,true
2596,blueypedia
2597,fromis9
2598,pap
2599,curious-expedition
2600,ellianawalmsley
2601,mairimashita-irumakun
2602,pt-br.enchantimals
2603,enchantimals
2604,they-are-billions
2605,civilwar-history
2606,vietnamwar
2607,tmnt2018series
2608,peter-jacksons-mortal-engines
2609,theboldtype
2610,helck
2611,incredibox
2612,three-body-problem
2613,awayout
2614,the-resident
2615,villainous
2616,ru.villainouscn
2617,pl.villainous
2618,ja.villainous
2619,es.villainous
2620,de.villainous
2621,judgment
2622,dayofinfamy
2623,instinct
2624,ru.absolute
2625,handball
2626,ru.bigbangtheory
2627,pt-br.thebigbangtheory
2628,it.bigbangtheory
2629,fr.the-big-bang-theory
2630,es.thebigbangtheory
2631,de.bigbangtheory
2632,bigbangtheory
2633,metrovideogame
2634,neptunia
2635,hypnosis-mic
2636,musedash
2637,gtfo
2638,tana-mongeau
2639,somniumfiles
2640,charliesangels
2641,see
2642,tunic
2643,starshiptroopers
2644,es.starshiptroopers
2645,talesfromtheloop
2646,thetrapmetal
2647,nextgen
2648,bbc
2649,time
2650,aaliyahdanahaughton
2651,theatre
2652,ru.ussr
2653,ussr
2654,ru.disease
2655,disease
2656,hisdarkmaterials
2657,the-masked-singer
2658,krainagrzybow
2659,iz-one
2660,subnautica-belowzero
2661,butterflysoup
2662,onehouronelife
2663,millionaire
2664,harleyquinn
2665,101dalmatianstreet
2666,onward
2667,luigi-mansion
2668,txt
2669,raised-by-wolves
2670,klingon
2671,thanksgiving
2672,oscars
2673,almostnakedanimals
2674,public-domain
2675,gdr
2676,wolf
2677,fairytail
2678,sixthemusical
2679,octoberfaction
2680,bbcyearsandyears
2681,ru.atomic-heart
2682,atomicheart
2683,starfield
2684,slave-harem
2685,pinkfantasy
2686,wacca
2687,the-hidden-dungeon-only-i-can-enter
2688,motherland
2689,everglow
2690,letsgoluna
2691,generation-zero
2692,ru.lostmedia
2693,smurfs
2694,adobe
2695,ru.futurewild
2696,duesouth
2697,segmented-worms
2698,death-wiki
2699,christmas
2700,roxbury
2701,ru.losyash-library
2702,scandinavia
2703,lordi
2704,selena
2705,house
2706,homeland
2707,daytimesoapopera
2708,wikis
2709,nyancat
2710,2brokegirls
2711,it.elliegoulding
2712,elliegoulding
2713,1000waystodie
2714,1000waysdie
2715,zipcodes
2716,autism
2717,ru.folklore
2718,folklore
2719,yugoslavia
2720,ageofempires
2721,kennedy-family
2722,1970s
2723,uefa
2724,1930s
2725,1960s
2726,ru.monsterhigh
2727,pt-br.monster-high
2728,pl.monsterhigh
2729,monsterhigh
2730,es.monsterhigh
2731,de.monsterhigh
2732,conlang
2733,museums
2734,justinbieber
2735,de.justinbieber
2736,cleveland
2737,timburton
2738,fr.tim-burton
2739,spicegirls
2740,warriorprincess
2741,sinatra
2742,teletubbies
2743,internationalhockey
2744,icehockey
2745,kansascity
2746,mtv
2747,cbs
2748,lobo
2749,hupedia
2750,hollywoodundead
2751,halo
2752,es.aika
2753,coenbrothers
2754,24
2755,duranduran
2756,lilyallen
2757,sv.melodifestivalen
2758,ru.polymer-clay
2759,kim-petras
2760,ru.luntik
2761,luntik
2762,autobahn
2763,scarface
2764,catherine-zetajones
2765,gender
2766,ccsakura
2767,accelworld
2768,madoka
